-- phpMyAdmin SQL Dump
-- version 3.4.10.1deb1
-- http://www.phpmyadmin.net
--
-- Host: localhost
-- Generation Time: Jun 03, 2015 at 02:11 PM
-- Server version: 5.5.31
-- PHP Version: 5.3.10-1ubuntu3.6

SET SQL_MODE="NO_AUTO_VALUE_ON_ZERO";
SET time_zone = "+00:00";


/*!40101 SET @OLD_CHARACTER_SET_CLIENT=@@CHARACTER_SET_CLIENT */;
/*!40101 SET @OLD_CHARACTER_SET_RESULTS=@@CHARACTER_SET_RESULTS */;
/*!40101 SET @OLD_COLLATION_CONNECTION=@@COLLATION_CONNECTION */;
/*!40101 SET NAMES utf8 */;

--
-- Database: `LandmarkDetection`
--

-- --------------------------------------------------------

--
-- Table structure for table `LandmarkDetails`
--

CREATE TABLE IF NOT EXISTS `LandmarkDetails` (
  `RouteId` int(11) NOT NULL,
  `FromLandmark` int(11) NOT NULL,
  `LandmarkId` int(11) NOT NULL,
  `TimeZone` int(11) NOT NULL,
  `TimeDiff` float NOT NULL,
  `Confidence` float NOT NULL,
  PRIMARY KEY (`RouteId`,`FromLandmark`,`LandmarkId`,`TimeZone`),
  KEY `FromLandmark` (`FromLandmark`),
  KEY `LandmarkId` (`LandmarkId`)
) ENGINE=InnoDB DEFAULT CHARSET=latin1;

--
-- Dumping data for table `LandmarkDetails`
--

INSERT INTO `LandmarkDetails` (`RouteId`, `FromLandmark`, `LandmarkId`, `TimeZone`, `TimeDiff`, `Confidence`) VALUES
(1, 0, 78, 1, 176.521, 1),
(1, 0, 78, 2, 130.876, 1),
(1, 0, 78, 3, 246.643, 1),
(1, 0, 78, 4, 62.3255, 1),
(1, 78, 81, 1, 262.786, 1),
(1, 78, 81, 2, 232.438, 1),
(1, 78, 81, 3, 115.061, 1),
(1, 78, 81, 4, 35.8872, 1),
(1, 81, 84, 1, 222.089, 1),
(1, 81, 84, 2, 180.097, 1),
(1, 81, 84, 3, 123.881, 1),
(1, 81, 84, 4, 260.779, 1),
(1, 84, 87, 1, 47.0085, 1),
(1, 84, 87, 2, 154.842, 1),
(1, 84, 87, 3, 207.603, 1),
(1, 84, 87, 4, 31.8774, 1),
(1, 87, 90, 1, 15.5681, 1),
(1, 87, 90, 2, 40.0134, 1),
(1, 87, 90, 3, 32.628, 1),
(1, 87, 90, 4, 254.196, 1),
(1, 90, 93, 1, 257.043, 1),
(1, 90, 93, 2, 212.142, 1),
(1, 90, 93, 3, 211.579, 1),
(1, 90, 93, 4, 158.796, 1),
(1, 93, 96, 1, 113.082, 1),
(1, 93, 96, 2, 282.795, 1),
(1, 93, 96, 3, 90.7758, 1),
(1, 93, 96, 4, 95.8605, 1),
(1, 96, 99, 1, 261.369, 1),
(1, 96, 99, 2, 126.826, 1),
(1, 96, 99, 3, 127.747, 1),
(1, 96, 99, 4, 258.736, 1),
(1, 99, 102, 1, 291.607, 1),
(1, 99, 102, 2, 22.9401, 1),
(1, 99, 102, 3, 72.0102, 1),
(1, 99, 102, 4, 99.4174, 1),
(1, 102, 105, 1, 17.2697, 1),
(1, 102, 105, 2, 268.987, 1),
(1, 102, 105, 3, 251.025, 1),
(1, 102, 105, 4, 254.264, 1),
(1, 105, 108, 1, 131.08, 1),
(1, 105, 108, 2, 117.269, 1),
(1, 105, 108, 3, 101.826, 1),
(1, 105, 108, 4, 76.515, 1),
(1, 108, 111, 1, 297.1, 1),
(1, 108, 111, 2, 79.1004, 1),
(1, 108, 111, 3, 47.4991, 1),
(1, 108, 111, 4, 153.335, 1),
(1, 111, 114, 1, 262.84, 1),
(1, 111, 114, 2, 27.4432, 1),
(1, 111, 114, 3, 88.4223, 1),
(1, 111, 114, 4, 210.157, 1),
(1, 114, 117, 1, 197.521, 1),
(1, 114, 117, 2, 112.035, 1),
(1, 114, 117, 3, 171.191, 1),
(1, 114, 117, 4, 262.988, 1),
(1, 117, 120, 1, 189.253, 1),
(1, 117, 120, 2, 49.4355, 1),
(1, 117, 120, 3, 36.2245, 1),
(1, 117, 120, 4, 281.105, 1),
(1, 120, 123, 1, 31.1164, 1),
(1, 120, 123, 2, 146.657, 1),
(1, 120, 123, 3, 295.788, 1),
(1, 120, 123, 4, 108.7, 1),
(1, 123, 126, 1, 164.967, 1),
(1, 123, 126, 2, 242.582, 1),
(1, 123, 126, 3, 219.312, 1),
(1, 123, 126, 4, 49.1176, 1),
(1, 126, 129, 1, 87.5364, 1),
(1, 126, 129, 2, 30.6109, 1),
(1, 126, 129, 3, 37.8818, 1),
(1, 126, 129, 4, 12.1426, 1),
(1, 129, 132, 1, 205.012, 1),
(1, 129, 132, 2, 137.997, 1),
(1, 129, 132, 3, 45.6421, 1),
(1, 129, 132, 4, 178.661, 1),
(1, 132, 135, 1, 158.529, 1),
(1, 132, 135, 2, 58.7338, 1),
(1, 132, 135, 3, 294.241, 1),
(1, 132, 135, 4, 215.743, 1),
(1, 135, 138, 1, 28.147, 1),
(1, 135, 138, 2, 57.4954, 1),
(1, 135, 138, 3, 38.6907, 1),
(1, 135, 138, 4, 106.972, 1),
(1, 138, 141, 1, 237.466, 1),
(1, 138, 141, 2, 190.592, 1),
(1, 138, 141, 3, 158.881, 1),
(1, 138, 141, 4, 226.478, 1),
(1, 141, 144, 1, 231.245, 1),
(1, 141, 144, 2, 63.1377, 1),
(1, 141, 144, 3, 73.2167, 1),
(1, 141, 144, 4, 253.005, 1),
(1, 144, 147, 1, 57.0528, 1),
(1, 144, 147, 2, 274.036, 1),
(1, 144, 147, 3, 243.716, 1),
(1, 144, 147, 4, 125.326, 1),
(1, 147, 150, 1, 91.3374, 1),
(1, 147, 150, 2, 290.206, 1),
(1, 147, 150, 3, 91.3827, 1),
(1, 147, 150, 4, 197.781, 1),
(2, 0, 80, 1, 298.191, 1),
(2, 0, 80, 2, 217.588, 1),
(2, 0, 80, 3, 76.1736, 1),
(2, 0, 80, 4, 249.233, 1),
(2, 80, 84, 1, 56.5884, 1),
(2, 80, 84, 2, 154.204, 1),
(2, 80, 84, 3, 193.375, 1),
(2, 80, 84, 4, 196.17, 1),
(2, 84, 88, 1, 156.411, 1),
(2, 84, 88, 2, 279.508, 1),
(2, 84, 88, 3, 34.8429, 1),
(2, 84, 88, 4, 84.259, 1),
(2, 88, 92, 1, 233.236, 1),
(2, 88, 92, 2, 13.1371, 1),
(2, 88, 92, 3, 171.73, 1),
(2, 88, 92, 4, 80.7691, 1),
(2, 92, 96, 1, 299.49, 1),
(2, 92, 96, 2, 91.2745, 1),
(2, 92, 96, 3, 236.564, 1),
(2, 92, 96, 4, 165.915, 1),
(2, 96, 100, 1, 81.0205, 1),
(2, 96, 100, 2, 143.931, 1),
(2, 96, 100, 3, 235.471, 1),
(2, 96, 100, 4, 297.847, 1),
(2, 100, 104, 1, 16.6353, 1),
(2, 100, 104, 2, 199.83, 1),
(2, 100, 104, 3, 48.1597, 1),
(2, 100, 104, 4, 110.037, 1),
(2, 104, 108, 1, 35.511, 1),
(2, 104, 108, 2, 289.061, 1),
(2, 104, 108, 3, 164.217, 1),
(2, 104, 108, 4, 142.675, 1),
(2, 108, 112, 1, 24.4988, 1),
(2, 108, 112, 2, 222.893, 1),
(2, 108, 112, 3, 219.379, 1),
(2, 108, 112, 4, 159.849, 1),
(2, 112, 116, 1, 268.204, 1),
(2, 112, 116, 2, 22.9626, 1),
(2, 112, 116, 3, 117.773, 1),
(2, 112, 116, 4, 165.046, 1),
(2, 116, 120, 1, 31.9765, 1),
(2, 116, 120, 2, 31.3476, 1),
(2, 116, 120, 3, 97.3168, 1),
(2, 116, 120, 4, 32.9558, 1),
(2, 120, 124, 1, 124.379, 1),
(2, 120, 124, 2, 43.6131, 1),
(2, 120, 124, 3, 47.8928, 1),
(2, 120, 124, 4, 80.6472, 1),
(2, 124, 128, 1, 194.498, 1),
(2, 124, 128, 2, 244.642, 1),
(2, 124, 128, 3, 84.1303, 1),
(2, 124, 128, 4, 98.5326, 1),
(2, 128, 132, 1, 273.828, 1),
(2, 128, 132, 2, 136.224, 1),
(2, 128, 132, 3, 272.798, 1),
(2, 128, 132, 4, 167.722, 1),
(2, 132, 136, 1, 234.17, 1),
(2, 132, 136, 2, 296.012, 1),
(2, 132, 136, 3, 173.496, 1),
(2, 132, 136, 4, 118.418, 1),
(2, 136, 140, 1, 227.296, 1),
(2, 136, 140, 2, 228.775, 1),
(2, 136, 140, 3, 80.5246, 1),
(2, 136, 140, 4, 288.742, 1),
(2, 140, 144, 1, 115.559, 1),
(2, 140, 144, 2, 143.467, 1),
(2, 140, 144, 3, 116.02, 1),
(2, 140, 144, 4, 291.784, 1),
(2, 144, 148, 1, 290.191, 1),
(2, 144, 148, 2, 130.848, 1),
(2, 144, 148, 3, 126.76, 1),
(2, 144, 148, 4, 20.0408, 1),
(2, 148, 152, 1, 32.8239, 1),
(2, 148, 152, 2, 265.836, 1),
(2, 148, 152, 3, 102.394, 1),
(2, 148, 152, 4, 131.072, 1),
(3, 0, 80, 1, 107.089, 1),
(3, 0, 80, 2, 168.297, 1),
(3, 0, 80, 3, 187.65, 1),
(3, 0, 80, 4, 36.7079, 1),
(3, 80, 85, 1, 240.722, 1),
(3, 80, 85, 2, 139.666, 1),
(3, 80, 85, 3, 14.9532, 1),
(3, 80, 85, 4, 43.0373, 1),
(3, 85, 90, 1, 216.139, 1),
(3, 85, 90, 2, 151.193, 1),
(3, 85, 90, 3, 185.399, 1),
(3, 85, 90, 4, 173.674, 1),
(3, 90, 95, 1, 266.584, 1),
(3, 90, 95, 2, 262.548, 1),
(3, 90, 95, 3, 117.924, 1),
(3, 90, 95, 4, 180.892, 1),
(3, 95, 100, 1, 155.642, 1),
(3, 95, 100, 2, 35.4935, 1),
(3, 95, 100, 3, 56.6602, 1),
(3, 95, 100, 4, 94.6798, 1),
(3, 100, 105, 1, 172.943, 1),
(3, 100, 105, 2, 181.864, 1),
(3, 100, 105, 3, 11.2341, 1),
(3, 100, 105, 4, 178.031, 1),
(3, 105, 110, 1, 261.497, 1),
(3, 105, 110, 2, 238.723, 1),
(3, 105, 110, 3, 34.4847, 1),
(3, 105, 110, 4, 11.9867, 1),
(3, 110, 115, 1, 210.039, 1),
(3, 110, 115, 2, 72.2701, 1),
(3, 110, 115, 3, 199.634, 1),
(3, 110, 115, 4, 289.173, 1),
(3, 115, 120, 1, 116.751, 1),
(3, 115, 120, 2, 271.185, 1),
(3, 115, 120, 3, 82.223, 1),
(3, 115, 120, 4, 16.9954, 1),
(3, 120, 125, 1, 244.442, 1),
(3, 120, 125, 2, 237.334, 1),
(3, 120, 125, 3, 137.173, 1),
(3, 120, 125, 4, 126.466, 1),
(3, 125, 130, 1, 191.894, 1),
(3, 125, 130, 2, 297.863, 1),
(3, 125, 130, 3, 56.9455, 1),
(3, 125, 130, 4, 106.79, 1),
(3, 130, 135, 1, 234.888, 1),
(3, 130, 135, 2, 165.059, 1),
(3, 130, 135, 3, 32.6537, 1),
(3, 130, 135, 4, 258.788, 1),
(3, 135, 140, 1, 125.68, 1),
(3, 135, 140, 2, 210.915, 1),
(3, 135, 140, 3, 64.8301, 1),
(3, 135, 140, 4, 286.476, 1),
(3, 140, 145, 1, 254.131, 1),
(3, 140, 145, 2, 43.1701, 1),
(3, 140, 145, 3, 192.885, 1),
(3, 140, 145, 4, 111.463, 1),
(3, 145, 150, 1, 162.677, 1),
(3, 145, 150, 2, 146.414, 1),
(3, 145, 150, 3, 139.454, 1),
(3, 145, 150, 4, 198.549, 1),
(4, 0, 84, 1, 265.656, 1),
(4, 0, 84, 2, 267.588, 1),
(4, 0, 84, 3, 5.12387, 1),
(4, 0, 84, 4, 153.266, 1),
(4, 84, 91, 1, 241.906, 1),
(4, 84, 91, 2, 134.028, 1),
(4, 84, 91, 3, 180.979, 1),
(4, 84, 91, 4, 226.947, 1),
(4, 91, 98, 1, 268.087, 1),
(4, 91, 98, 2, 175.76, 1),
(4, 91, 98, 3, 163.441, 1),
(4, 91, 98, 4, 160.9, 1),
(4, 98, 105, 1, 107.605, 1),
(4, 98, 105, 2, 165.527, 1),
(4, 98, 105, 3, 295.294, 1),
(4, 98, 105, 4, 57.9812, 1),
(4, 105, 112, 1, 119.772, 1),
(4, 105, 112, 2, 13.4139, 1),
(4, 105, 112, 3, 125.158, 1),
(4, 105, 112, 4, 48.1327, 1),
(4, 112, 119, 1, 121.604, 1),
(4, 112, 119, 2, 150.612, 1),
(4, 112, 119, 3, 197.546, 1),
(4, 112, 119, 4, 6.33784, 1),
(4, 119, 126, 1, 155.69, 1),
(4, 119, 126, 2, 116.286, 1),
(4, 119, 126, 3, 150.16, 1),
(4, 119, 126, 4, 114.408, 1),
(4, 126, 133, 1, 179.89, 1),
(4, 126, 133, 2, 186.234, 1),
(4, 126, 133, 3, 219.789, 1),
(4, 126, 133, 4, 23.8637, 1),
(4, 133, 140, 1, 78.681, 1),
(4, 133, 140, 2, 207.044, 1),
(4, 133, 140, 3, 293.089, 1),
(4, 133, 140, 4, 120.03, 1),
(4, 140, 147, 1, 125.572, 1),
(4, 140, 147, 2, 191.254, 1),
(4, 140, 147, 3, 28.142, 1),
(4, 140, 147, 4, 145.428, 1);

-- --------------------------------------------------------

--
-- Table structure for table `Landmarks`
--

CREATE TABLE IF NOT EXISTS `Landmarks` (
  `LandmarkId` int(11) NOT NULL AUTO_INCREMENT,
  `Landmark` text NOT NULL,
  `Latitude` double NOT NULL,
  `Longitude` double NOT NULL,
  `SpecificSignature` text NOT NULL,
  PRIMARY KEY (`LandmarkId`)
) ENGINE=InnoDB  DEFAULT CHARSET=latin1 AUTO_INCREMENT=154 ;

--
-- Dumping data for table `Landmarks`
--

INSERT INTO `Landmarks` (`LandmarkId`, `Landmark`, `Latitude`, `Longitude`, `SpecificSignature`) VALUES
(78, 'Turn_1+', 23.5672077, 87.28702723, ''),
(79, 'Turn_2+', 23.57223627, 87.28666043, ''),
(80, 'BusStop_1+', 23.57222277, 87.2824981, ''),
(81, 'BusStop_2+', 23.57210216, 87.27849162, ''),
(82, 'Turn_3+', 23.57160618, 87.27738998, ''),
(83, 'BusStop_3+', 23.57379589, 87.2764378, ''),
(84, 'BusStop_4+', 23.57656687, 87.27483501, ''),
(85, 'BusStop_5+', 23.5798048, 87.27355276, ''),
(86, 'Bumper_1+', 23.57978161, 87.27353048, ''),
(87, 'Turn_5+', 23.58266855, 87.27576653, ''),
(88, 'BusStop_6+', 23.5822838, 87.27611034, ''),
(89, 'Turn_6+', 23.57862184, 87.28272545, ''),
(90, 'BusStop_7+', 23.57868366, 87.28281583, ''),
(91, 'Turn_7+', 23.58019486, 87.28337067, ''),
(92, 'Turn_8+', 23.58034322, 87.28250123, ''),
(93, 'Turn_9+', 23.58258315, 87.28256116, ''),
(94, 'Turn_10+', 23.58284812, 87.28334992, ''),
(95, 'BusStop_8+', 23.58459948, 87.2835115, ''),
(96, 'Turn_11+', 23.58870006, 87.2819284, ''),
(97, 'BusStop_9+', 23.58882284, 87.28200103, ''),
(98, 'Turn_12+', 23.59092437, 87.28418283, ''),
(99, 'Turn_13+', 23.58708247, 87.28794489, ''),
(100, 'BusStop_10+', 23.58471902, 87.2875113, ''),
(101, 'BusStop_11+', 23.58330178, 87.28751673, ''),
(102, 'BusStop_12+', 23.58016478, 87.28747670999999, ''),
(103, 'Turn_14+', 23.5797935, 87.28765396, ''),
(104, 'Turn_15+', 23.57984358, 87.2916118, ''),
(105, 'BusStop_13+', 23.57915866, 87.29155513, ''),
(106, 'Turn_16+', 23.57407263, 87.29158978, ''),
(107, 'BusStop_14+', 23.57409969, 87.29947914, ''),
(108, 'Bumper_2+', 23.57405353, 87.30071247, ''),
(109, 'Bumper_3+', 23.57404319, 87.30123154, ''),
(110, 'Turn_17+', 23.57415739, 87.30268309, ''),
(111, 'Junction_1+', 23.57235629, 87.30259741, ''),
(112, 'BusStop_15+', 23.57217112, 87.30253525, ''),
(113, 'Turn_18+', 23.5680181, 87.30248633, ''),
(114, 'BusStop_16+', 23.56786238, 87.30227218, ''),
(115, 'Turn_19+', 23.56827613, 87.29897239, ''),
(116, 'BusStop_17+', 23.56822217, 87.29888382, ''),
(117, 'BusStop_18+', 23.56009151, 87.298821, ''),
(118, 'Turn_20+', 23.55138081, 87.29660413, ''),
(119, 'BusStop_19+', 23.54806197, 87.30776132, ''),
(120, 'Turn_21+', 23.54803669, 87.30790851, ''),
(121, 'Turn_22+', 23.54669309, 87.31005868, ''),
(122, 'BusStop_20+', 23.54661135, 87.30991743, ''),
(123, 'BusStop_21+', 23.54246542, 87.30681449, ''),
(124, 'Turn_23+', 23.5423138, 87.30666187, ''),
(125, 'Turn_24+', 23.54477267, 87.30212193, ''),
(126, 'BusStop_22+', 23.5446808, 87.30190566, ''),
(127, 'BusStop_23+', 23.54172707, 87.30000443, ''),
(128, 'Bumper_4+', 23.54047997, 87.299047, ''),
(129, 'Bumper_5+', 23.54024313, 87.29903555, ''),
(130, 'BusStop_24+', 23.53880362, 87.29810126, ''),
(131, 'Bumper_6+', 23.53883177, 87.29806837, ''),
(132, 'Turn_25+', 23.53760701, 87.29723153, ''),
(133, 'Bumper_7+', 23.53763861, 87.29704797, ''),
(134, 'Turn_26+', 23.53775335, 87.29680646999999, ''),
(135, 'BusStop_25+', 23.53764311, 87.29656319, ''),
(136, 'Turn_27+', 23.53614624, 87.29582458, ''),
(137, 'Bumper_8+', 23.53596824, 87.29595585, ''),
(138, 'Bumper_9+', 23.53571282, 87.29633036, ''),
(139, 'Turn_28+', 23.53544326, 87.29704367, ''),
(140, 'BusStop_26+', 23.53574079, 87.29753018, ''),
(141, 'BusStop_27+', 23.53578212, 87.2978783, ''),
(142, 'Turn_29+', 23.53558039, 87.29865176, ''),
(143, 'BusStop_28+', 23.53547849, 87.29879315, ''),
(144, 'Turn_30+', 23.53547159, 87.29879256, ''),
(145, 'Turn_31+', 23.52835916, 87.3111776, ''),
(146, 'BusStop_29+', 23.52827468, 87.31118713, ''),
(147, 'BusStop_30+', 23.52820805, 87.31110734, ''),
(148, 'BusStop_31+', 23.52712859, 87.3110125, ''),
(149, 'BusStop_32+', 23.50363581, 87.30774418, ''),
(150, 'Turn_32+', 23.50003344, 87.30611495, ''),
(151, 'Turn_33+', 23.49572378, 87.31484982, ''),
(152, 'Bumper_10+', 23.49499519, 87.31672917, ''),
(153, 'BusStop_33+', 23.49477039, 87.31711386, '');

-- --------------------------------------------------------

--
-- Table structure for table `LandmarkToRoute`
--

CREATE TABLE IF NOT EXISTS `LandmarkToRoute` (
  `LandmarkId` int(11) NOT NULL,
  `RouteId` int(11) NOT NULL,
  PRIMARY KEY (`LandmarkId`,`RouteId`)
) ENGINE=InnoDB DEFAULT CHARSET=latin1;

--
-- Dumping data for table `LandmarkToRoute`
--

INSERT INTO `LandmarkToRoute` (`LandmarkId`, `RouteId`) VALUES
(78, 1),
(80, 2),
(80, 3),
(81, 1),
(84, 1),
(84, 2),
(84, 4),
(85, 3),
(87, 1),
(88, 2),
(90, 1),
(90, 3),
(91, 4),
(92, 2),
(93, 1),
(95, 3),
(96, 1),
(96, 2),
(98, 4),
(99, 1),
(100, 2),
(100, 3),
(102, 1),
(104, 2),
(105, 1),
(105, 3),
(105, 4),
(108, 1),
(108, 2),
(110, 3),
(111, 1),
(112, 2),
(112, 4),
(114, 1),
(115, 3),
(116, 2),
(117, 1),
(119, 4),
(120, 1),
(120, 2),
(120, 3),
(123, 1),
(124, 2),
(125, 3),
(126, 1),
(126, 4),
(128, 2),
(129, 1),
(130, 3),
(132, 1),
(132, 2),
(133, 4),
(135, 1),
(135, 3),
(136, 2),
(138, 1),
(140, 2),
(140, 3),
(140, 4),
(141, 1),
(144, 1),
(144, 2),
(145, 3),
(147, 1),
(147, 4),
(148, 2),
(150, 1),
(150, 3),
(152, 2);

-- --------------------------------------------------------

--
-- Table structure for table `Routes`
--

CREATE TABLE IF NOT EXISTS `Routes` (
  `RouteId` int(11) NOT NULL AUTO_INCREMENT,
  `RouteName` text NOT NULL,
  PRIMARY KEY (`RouteId`)
) ENGINE=InnoDB  DEFAULT CHARSET=latin1 AUTO_INCREMENT=5 ;

--
-- Dumping data for table `Routes`
--

INSERT INTO `Routes` (`RouteId`, `RouteName`) VALUES
(1, 'R1'),
(2, 'R2'),
(3, 'R3'),
(4, 'R4');

/*!40101 SET CHARACTER_SET_CLIENT=@OLD_CHARACTER_SET_CLIENT */;
/*!40101 SET CHARACTER_SET_RESULTS=@OLD_CHARACTER_SET_RESULTS */;
/*!40101 SET COLLATION_CONNECTION=@OLD_COLLATION_CONNECTION */;
